<?xml version="1.0" encoding="UTF-8"?>
<project-private xmlns="http://www.netbeans.org/ns/project-private/1">
    <editor-bookmarks xmlns="http://www.netbeans.org/ns/editor-bookmarks/2" lastBookmarkId="0"/>
    <open-files xmlns="http://www.netbeans.org/ns/projectui-open-files/2">
        <group>
            <file>file:/C:/Users/khidma/Documents/glrs%20Gang/Java/Depot%20Rapports%20JAVA%20L3%20ISM/E-shop/src/accueil_general/Controller_accueil.java</file>
            <file>file:/C:/Users/khidma/Documents/glrs%20Gang/Java/Depot%20Rapports%20JAVA%20L3%20ISM/E-shop/src/Produit_manage/ControllerCategorie.java</file>
            <file>file:/C:/Users/khidma/Documents/glrs%20Gang/Java/Depot%20Rapports%20JAVA%20L3%20ISM/E-shop/src/Produit_manage/ControllerProduit.java</file>
            <file>file:/C:/Users/khidma/Documents/glrs%20Gang/Java/Depot%20Rapports%20JAVA%20L3%20ISM/E-shop/src/DAO/BD.java</file>
        </group>
    </open-files>
</project-private>
